traffic_type,hop_count,load_level,protocol,average_end_to_end_delay_n,average_end_to_end_delay_mean,average_end_to_end_delay_sample_std,average_end_to_end_delay_median,average_end_to_end_delay_minimum,average_end_to_end_delay_maximum,average_end_to_end_delay_ci95_low,average_end_to_end_delay_ci95_high,p95_end_to_end_delay_n,p95_end_to_end_delay_mean,p95_end_to_end_delay_sample_std,p95_end_to_end_delay_median,p95_end_to_end_delay_minimum,p95_end_to_end_delay_maximum,p95_end_to_end_delay_ci95_low,p95_end_to_end_delay_ci95_high,delivery_ratio_n,delivery_ratio_mean,delivery_ratio_sample_std,delivery_ratio_median,delivery_ratio_minimum,delivery_ratio_maximum,delivery_ratio_ci95_low,delivery_ratio_ci95_high,throughput_bps_n,throughput_bps_mean,throughput_bps_sample_std,throughput_bps_median,throughput_bps_minimum,throughput_bps_maximum,throughput_bps_ci95_low,throughput_bps_ci95_high,control_bytes_sent_n,control_bytes_sent_mean,control_bytes_sent_sample_std,control_bytes_sent_median,control_bytes_sent_minimum,control_bytes_sent_maximum,control_bytes_sent_ci95_low,control_bytes_sent_ci95_high,total_bytes_sent_n,total_bytes_sent_mean,total_bytes_sent_sample_std,total_bytes_sent_median,total_bytes_sent_minimum,total_bytes_sent_maximum,total_bytes_sent_ci95_low,total_bytes_sent_ci95_high
periodic,2,high,DCF,20,0.1920638089999963,0.023861554451220915,0.18960372999999844,0.13747691999999723,0.23788062999999293,0.18160602167085474,0.20252159632913788,20,0.3351840799999658,0.031295656483382166,0.33488914999996755,0.25839489999996373,0.3984646999999682,0.3214681538016902,0.3489000061982414,20,1.0,0.0,1.0,1.0,1.0,1.0,1.0,20,859002.6642896461,10969.142574925627,858694.0025719297,843707.1619326798,882502.8089918094,854195.2255929717,863810.1029863205,20,5600.0,0.0,5600.0,5600.0,5600.0,5600.0,5600.0,20,479055.0,10677.002684077093,479584.0,456308.0,494396.0,474375.59725568135,483734.40274431865
periodic,2,high,Fixed-PRMAC,20,0.23337638500001118,0.0006148182369611685,0.23342485000001145,0.23182660000001143,0.2343896000000113,0.23310692902716743,0.23364584097285493,20,0.43461480000005437,0.0011960165418677066,0.4346754000000539,0.432080900000055,0.4366209000000543,0.4340906226392476,0.43513897736086116,20,1.0,0.0,1.0,1.0,1.0,1.0,1.0,20,799608.6253503525,440.4473749240801,799571.3240535446,798850.0927375802,800465.896166105,799415.5907772676,799801.6599234374,20,32000.0,0.0,32000.0,32000.0,32000.0,32000.0,32000.0,20,460800.0,0.0,460800.0,460800.0,460800.0,460800.0,460800.0
periodic,2,low,DCF,20,0.009111909999998157,9.228097825383399e-06,0.009113849999998234,0.009095099999998139,0.00913699999999833,0.009107865607806204,0.00911595439219011,20,0.009329300000000863,1.4903549559564677e-05,0.009332000000002361,0.009312000000000625,0.009353000000003218,0.009322768231416303,0.009335831768585422,20,1.0,0.0,1.0,1.0,1.0,1.0,1.0,20,164512.37856246188,1.8666663145899127,164512.1637990154,164510.01639477292,164516.95436381624,164511.56045987882,164513.19666504493,20,5600.0,0.0,5600.0,5600.0,5600.0,5600.0,5600.0,20,428800.0,0.0,428800.0,428800.0,428800.0,428800.0,428800.0
periodic,2,low,Fixed-PRMAC,20,0.009914674999999184,5.642216343177988e-06,0.009915149999999186,0.009903699999999186,0.00992439999999917,0.009912202189658912,0.009917147810339456,20,0.010059049999998458,9.719622040448938e-06,0.010065999999996578,0.010045999999999892,0.010065999999999242,0.01005479018782124,0.010063309812175675,20,1.0,0.0,1.0,1.0,1.0,1.0,1.0,20,164499.3132635546,1.6675324524017057,164499.0489900389,164496.90192815996,164501.85677053058,164498.58243523462,164500.04409187456,20,32000.0,0.0,32000.0,32000.0,32000.0,32000.0,32000.0,20,460800.0,0.0,460800.0,460800.0,460800.0,460800.0,460800.0
periodic,2,medium,DCF,20,0.00911191000000067,9.228097825314649e-06,0.009113850000000692,0.00909510000000068,0.009137000000000662,0.009107865607808747,0.009115954392192593,20,0.009329300000002164,1.4903549559461468e-05,0.009332000000003227,0.00931199999999996,0.009353000000003074,0.00932276823141765,0.009335831768586678,20,1.0,0.0,1.0,1.0,1.0,1.0,1.0,20,410716.22433092905,11.634766908427979,410714.8855594248,410701.50142682646,410744.7456060039,410711.12516950595,410721.32349235215,20,5600.0,0.0,5600.0,5600.0,5600.0,5600.0,5600.0,20,428800.0,0.0,428800.0,428800.0,428800.0,428800.0,428800.0
periodic,2,medium,Fixed-PRMAC,20,0.009914675000000123,5.642216343170959e-06,0.009915150000000122,0.009903700000000135,0.009924400000000125,0.009912202189659852,0.009917147810340393,20,0.010059050000000111,9.719622041447393e-06,0.0100659999999998,0.010046,0.01006600000000013,0.010054790187822456,0.010063309812177765,20,1.0,0.0,1.0,1.0,1.0,1.0,1.0,20,410634.79994502675,10.391023312335275,410633.15301556006,410619.77420924866,410650.64968722477,410630.24587826827,410639.35401178524,20,32000.0,0.0,32000.0,32000.0,32000.0,32000.0,32000.0,20,460800.0,0.0,460800.0,460800.0,460800.0,460800.0,460800.0
periodic,4,high,DCF,20,1.5014551712500421,0.13920301949133937,1.4597516800000383,1.3091616950000244,1.8675712950000622,1.440446758055893,1.5624635844441912,20,2.441540230000137,0.05985579583135491,2.43453480000015,2.3497066000001188,2.5814759000001213,2.4153072708481904,2.4677731891520835,20,1.0,0.0,1.0,1.0,1.0,1.0,1.0,20,409910.2552126343,3301.588486793409,409866.84214061755,403105.0703305512,416738.204520668,408463.2702597549,411357.24016551365,20,11200.0,0.0,11200.0,11200.0,11200.0,11200.0,11200.0,20,1064121.6,15672.390051834534,1063910.0,1033228.0,1100940.0,1057252.8722129446,1070990.3277870556
periodic,4,high,Fixed-PRMAC,20,0.332002156223822,0.03717447771746947,0.32380788411827743,0.2819778125000122,0.43972168586389365,0.3157097230197767,0.34829458942786734,20,0.6190955850000537,0.051861364718256586,0.6048553000000525,0.5389495000000576,0.7415570000000524,0.5963663397645312,0.6418248302355761,20,0.96925,0.010294991117298905,0.97,0.95,0.985,0.9647380212066567,0.9737619787933431,20,711910.182320485,20841.517710834043,715810.3985413227,664362.4944164725,745688.782381716,702775.9844507696,721044.3801902004,20,69487.0,1484.2084546458107,69440.0,66540.0,73240.0,68836.51696451589,70137.48303548411,20,910685.4,5289.077567571634,911508.0,900732.0,918324.0,908367.3595520456,913003.4404479545
periodic,4,low,DCF,20,0.018222909999996244,1.1772532706132105e-05,0.018224149999996334,0.018199099999996,0.018242399999996224,0.018217750460050187,0.018228069539942302,20,0.01852139999999306,2.8687793109807302e-05,0.018514999999985376,0.018464000000003457,0.018585000000001982,0.01850882702031154,0.018533972979674584,20,1.0,0.0,1.0,1.0,1.0,1.0,1.0,20,164361.99734250037,3.611309630818896,164362.2775738787,164355.68238906458,164368.8732866874,164360.41461627118,164363.58006872956,20,11200.0,0.0,11200.0,11200.0,11200.0,11200.0,11200.0,20,857600.0,0.0,857600.0,857600.0,857600.0,857600.0,857600.0
periodic,4,low,Fixed-PRMAC,20,0.020162634999998468,7.59835681683164e-06,0.020161099999998433,0.020148799999998485,0.02017799999999849,0.02015930487329596,0.020165965126700977,20,0.020380149999998008,1.3739206290036482e-05,0.02038399999999866,0.020363999999995518,0.020403999999998312,0.02037412852735061,0.020386171472645407,20,1.0,0.0,1.0,1.0,1.0,1.0,1.0,20,164329.78495038158,2.137608422558819,164329.30694435758,164326.34023656423,164334.25169539917,164328.84810218413,164330.72179857903,20,64000.0,0.0,64000.0,64000.0,64000.0,64000.0,64000.0,20,921600.0,0.0,921600.0,921600.0,921600.0,921600.0,921600.0
periodic,4,medium,DCF,20,0.018222910000001365,1.1772532706089776e-05,0.0182241500000013,0.018199100000001394,0.01824240000000137,0.01821775046005533,0.018228069539947402,20,0.0185214000000027,2.8687793113127038e-05,0.018515000000005243,0.018464000000005143,0.018585000000005434,0.01850882702031972,0.01853397297968568,20,1.0,0.0,1.0,1.0,1.0,1.0,1.0,20,409780.2020114743,22.447237800806487,409781.9431930264,409740.95088710455,409822.94368136255,409770.36407574685,409790.03994720173,20,11200.0,0.0,11200.0,11200.0,11200.0,11200.0,11200.0,20,857600.0,0.0,857600.0,857600.0,857600.0,857600.0,857600.0
periodic,4,medium,Fixed-PRMAC,20,0.021967250500000236,0.0006568614156688654,0.0218641450000003,0.02070853000000016,0.02313102000000029,0.0216793682916627,0.022255132708337774,20,0.027968190000000188,0.0019164519305214962,0.028874500000001004,0.022986999999999754,0.030202999999999907,0.027128267908717862,0.028808112091282513,20,1.0,0.0,1.0,1.0,1.0,1.0,1.0,20,409237.6856289438,251.92176066488264,409213.0890268804,408804.8745190606,409607.7825478684,409127.2760492996,409348.095208588,20,86974.0,7692.470960210653,86200.0,72160.0,100960.0,83602.62595553308,90345.37404446692,20,944574.0,7692.470960210653,943800.0,929760.0,958560.0,941202.6259555331,947945.3740444669
periodic,6,high,DCF,20,3.154409857579221,0.3254599377322449,3.0663107650000567,2.6515973550001064,3.795507130000082,3.01177075081368,3.2970489643447625,20,4.605657832500105,0.10451068167525511,4.619360750000095,4.376293100000121,4.727838500000067,4.559854006734366,4.651461658265845,20,0.99975,0.0011180339887498958,1.0,0.995,1.0,0.99926,1.00024,20,265857.57511919964,4072.8704973291856,264749.9401692104,259179.9763219808,274671.6647610815,264072.5609212657,267642.5893171336,20,16798.6,6.260990336999411,16800.0,16772.0,16800.0,16795.856,16801.343999999997,20,1690977.8,52892.08440987227,1703781.0,1580524.0,1769906.0,1667796.8219424223,1714158.7780575778
periodic,6,high,Fixed-PRMAC,20,0.3826311426389545,0.05033225028313218,0.37462130000001637,0.3209046455026587,0.505108844919804,0.3605720613526056,0.40469022392530335,20,0.7141580850000502,0.08730594460025956,0.6848231000000515,0.589416100000056,0.89487660000004,0.675894567714712,0.7524216022853883,20,0.9422499999999999,0.01499780685721465,0.9424999999999999,0.91,0.975,0.9356769213333556,0.9488230786666443,20,661478.4806447711,29505.128906451933,663417.4805703848,610889.8335499936,712345.2848328586,648547.2877565059,674409.6735330364,20,102975.0,1529.7178962492605,102970.0,99340.0,106020.0,102304.57157232738,103645.42842767262,20,1341456.6,11712.49015907018,1341594.0,1319508.0,1368924.0,1336323.3748604304,1346589.8251395698
periodic,6,low,DCF,20,0.027335314999994413,1.5183657246195699e-05,0.02733964999999436,0.02729159999999414,0.027355199999994428,0.0273286604688035,0.027341969531185326,20,0.02770364999999219,3.844924883840122e-05,0.027696500000007652,0.02763600000000479,0.02775800000000771,0.02768679887371124,0.02772050112627314,20,1.0,0.0,1.0,1.0,1.0,1.0,1.0,20,164212.03886130144,3.3828895571201185,164213.15798019475,164203.94161619904,164216.1206026287,164210.55624458345,164213.52147801942,20,16800.0,0.0,16800.0,16800.0,16800.0,16800.0,16800.0,20,1286400.0,0.0,1286400.0,1286400.0,1286400.0,1286400.0,1286400.0
periodic,6,low,Fixed-PRMAC,20,0.03041065499999777,7.529204543156998e-06,0.03040954999999774,0.030391499999997764,0.030425499999997788,0.03040735518061547,0.03041395481938007,20,0.030671549999999277,1.7694706314738844e-05,0.03066299999999916,0.030642999999999837,0.030702999999998547,0.030663794953031592,0.030679305046966962,20,1.0,0.0,1.0,1.0,1.0,1.0,1.0,20,164161.44456099678,2.510501454770374,164161.55966323294,164157.44767230883,164165.3428765128,164160.34428522232,164162.54483677124,20,96000.0,0.0,96000.0,96000.0,96000.0,96000.0,96000.0,20,1382400.0,0.0,1382400.0,1382400.0,1382400.0,1382400.0,1382400.0
periodic,6,medium,DCF,20,1.7328988310000721,0.17453543360648335,1.7521640700000543,1.4281389550000543,2.0525029150000873,1.6564053045708784,1.8093923574292659,20,2.626745532500117,0.2632543806800062,2.6521932500000855,2.265591900000087,3.0795994000001823,2.5113692131473973,2.7421218518528367,20,1.0,0.0,1.0,1.0,1.0,1.0,1.0,20,266202.92113864457,3519.2096313905563,265576.17853043263,259320.72341997852,272606.4615251913,264660.55951392377,267745.28276336537,20,16800.0,0.0,16800.0,16800.0,16800.0,16800.0,16800.0,20,1686324.0,45073.12665109071,1691085.0,1601684.0,1766732.0,1666569.831270542,1706078.168729458
periodic,6,medium,Fixed-PRMAC,20,0.03407312580653297,0.0006818415158251943,0.033977506959799356,0.03236125000000035,0.03554987939698508,0.03377429558659671,0.034371956026469225,20,0.0410631200000003,0.0013640440005248241,0.04075750000000146,0.03960999999999936,0.04622999999999955,0.04046530135854334,0.04166093864145726,20,0.99875,0.0022213082915965984,1.0,0.995,1.0,0.9977764687175572,0.9997235312824428,20,407695.426020275,908.9666704396714,407978.5927552371,405750.6699009749,408517.2250948862,407297.05381245556,408093.7982280944,20,138211.0,6577.740693549644,138660.0,119640.0,148980.0,135328.17803548786,141093.82196451214,20,1423539.0,6993.319744772977,1424082.0,1406040.0,1435380.0,1420474.0424858101,1426603.9575141899
poisson,2,high,DCF,20,0.20179558014078286,0.06614528583929903,0.20292795324919227,0.10955346588838565,0.3212723888111114,0.1728061304573288,0.23078502982423693,20,0.3577669207927858,0.10305695972420399,0.34397303039225424,0.2331107875173346,0.5330757091447624,0.3126002167632213,0.40293362482235034,20,1.0,0.0,1.0,1.0,1.0,1.0,1.0,20,854534.9812429475,12833.365169143306,859272.6724068387,830335.6522462011,869088.2742041607,848910.5109708841,860159.4515150109,20,5600.0,0.0,5600.0,5600.0,5600.0,5600.0,5600.0,20,475140.4,10272.612532974832,470062.0,462656.0,494396.0,470638.2290536714,479642.57094632863
poisson,2,high,Fixed-PRMAC,20,0.23503707381028377,0.058740913542054914,0.2344929261171168,0.14679846487219766,0.36557904030318744,0.2092927333651511,0.2607814142554164,20,0.44169273376230966,0.1013224428078757,0.44073971440886606,0.2925226889623192,0.6592729948263001,0.3972862152884197,0.48609925223619965,20,1.0,0.0,1.0,1.0,1.0,1.0,1.0,20,796542.3739705638,4260.122724325771,798882.8186577841,785034.847667056,799856.2758254149,794675.2928657633,798409.4550753642,20,32000.0,0.0,32000.0,32000.0,32000.0,32000.0,32000.0,20,460800.0,0.0,460800.0,460800.0,460800.0,460800.0,460800.0
poisson,2,low,DCF,20,0.010557714652047093,0.0003962842083858949,0.010503068470070074,0.01007279273393866,0.011406995951047999,0.010384035440088424,0.010731393864005762,20,0.01762558258810145,0.0018832274373905492,0.017217153090002726,0.015627180871272725,0.021961637080588167,0.016800221772950243,0.018450943403252658,20,1.0,0.0,1.0,1.0,1.0,1.0,1.0,20,164717.84997514606,11687.21250321693,163369.4763570662,149522.20240414448,194341.13977204423,159595.70325670906,169839.99669358306,20,5600.0,0.0,5600.0,5600.0,5600.0,5600.0,5600.0,20,432291.4,3166.566734526611,431974.0,428800.0,439380.0,430903.5909391566,433679.20906084345
poisson,2,low,Fixed-PRMAC,20,0.011319848312622078,0.00039019038580003976,0.011243619508200716,0.010837070778898223,0.012191137211645175,0.011148839836166189,0.011490856789077967,20,0.018910228508258867,0.0015526269982920025,0.018645820780421304,0.016865107448490253,0.0229059253107281,0.01822975972392992,0.019590697292587812,20,1.0,0.0,1.0,1.0,1.0,1.0,1.0,20,164702.4376970902,11685.7347679527,163355.93077693734,149513.00586094052,194324.68200223614,159580.93862468793,169823.9367694925,20,32000.0,0.0,32000.0,32000.0,32000.0,32000.0,32000.0,20,460800.0,0.0,460800.0,460800.0,460800.0,460800.0,460800.0
poisson,2,medium,DCF,20,0.01478614371824149,0.0019463693767961274,0.014232096330951374,0.012277947175457356,0.019923572432928926,0.013933109728016842,0.015639177708466137,20,0.03338906193783679,0.009163809980405455,0.030044349360622825,0.02337937085199824,0.05823779361129476,0.02937284513621758,0.037405278739456004,20,1.0,0.0,1.0,1.0,1.0,1.0,1.0,20,410752.281539963,29266.87910206498,407733.54655228875,372146.4971379161,485071.6058455737,397925.50623231183,423579.0568476141,20,5600.0,0.0,5600.0,5600.0,5600.0,5600.0,5600.0,20,437898.8,4454.45841235143,439380.0,430916.0,447844.0,435946.54752465914,439851.05247534084
poisson,2,medium,Fixed-PRMAC,20,0.01564485424163768,0.0018776505810525676,0.015009421605767782,0.013599252817860253,0.02038965441252584,0.014821937591541476,0.01646777089173388,20,0.03350401713049433,0.008245162900711393,0.03029718460963325,0.02475994721949023,0.0552393849346284,0.02989041516311052,0.037117619097878134,20,1.0,0.0,1.0,1.0,1.0,1.0,1.0,20,410491.6356209701,29253.822460954627,407593.0726654341,371655.37010678125,484589.31721697585,397670.58263858675,423312.68860335345,20,32000.0,0.0,32000.0,32000.0,32000.0,32000.0,32000.0,20,460800.0,0.0,460800.0,460800.0,460800.0,460800.0,460800.0
poisson,4,high,DCF,20,1.5319058321302366,0.13885518804560992,1.5248129407540847,1.3079671482314388,1.8189489772761533,1.4710498627885307,1.5927618014719425,20,2.4562726786980518,0.12613502502828494,2.4679658741489545,2.2425796634983466,2.6840946039930618,2.4009915665979027,2.511553790798201,20,1.0,0.0,1.0,1.0,1.0,1.0,1.0,20,408826.8935970129,3256.9448844620083,408247.2093446801,404560.59099821624,416544.2084998878,407399.47456552996,410254.31262849586,20,11200.0,0.0,11200.0,11200.0,11200.0,11200.0,11200.0,20,1069305.8,16081.673268531153,1071316.0,1031112.0,1091418.0,1062257.6959344062,1076353.9040655938
poisson,4,high,Fixed-PRMAC,20,0.3347331093633391,0.07941690269551867,0.3217808931658769,0.1930390204299592,0.5196976004074331,0.2999271171373646,0.36953910158931363,20,0.6202402973018107,0.1394420806453792,0.6249850626512286,0.382942305166505,1.0054351218626247,0.5591271109373839,0.6813534836662376,20,0.975,0.010000000000000009,0.975,0.96,1.0,0.9706173067641004,0.9793826932358995,20,715673.9060796555,30508.377389496032,720552.5505356678,640503.3266375111,768862.8887507438,702303.0201573339,729044.7920019771,20,69418.0,2003.7112934173977,69440.0,66160.0,73500.0,68539.8348067644,70296.1651932356,20,913510.8,5048.643565615578,912402.0,900732.0,923760.0,911298.134399451,915723.4656005491
poisson,4,low,DCF,20,0.027678341074631047,0.002899173066803331,0.026569695326206486,0.024520117186351303,0.03721858928931236,0.026407722455672925,0.02894895969358917,20,0.05878462864490105,0.015480069928312464,0.054841087873529176,0.04587798159211705,0.11038267768519783,0.052000188868294286,0.06556906842150781,20,1.0,0.0,1.0,1.0,1.0,1.0,1.0,20,164477.82177578722,11664.915477040395,163198.79483686516,149166.25073508246,194142.8181084903,159365.44715993069,169590.19639164375,20,11200.0,0.0,11200.0,11200.0,11200.0,11200.0,11200.0,20,885901.5,10584.871247010493,887224.0,871354.0,911558.0,881262.4756382859,890540.5243617141
poisson,4,low,Fixed-PRMAC,20,0.02273528260534049,0.0003810825533346957,0.0227490982427445,0.02201202439892233,0.023470911498614546,0.022568265812458556,0.02290229939822242,20,0.03190753715900364,0.0018142389918310551,0.03150615203880347,0.029799565774616652,0.0361599508502255,0.03111241186322332,0.03270266245478397,20,1.0,0.0,1.0,1.0,1.0,1.0,1.0,20,164486.19258514605,11677.450214254846,163151.76290275,149141.7521533445,194089.46111759898,159368.32437848917,169604.06079180294,20,73546.0,1623.318239059476,73240.0,70600.0,76720.0,72834.54941339616,74257.45058660384,20,931146.0,1623.318239059476,930840.0,928200.0,934320.0,930434.5494133962,931857.4505866038
poisson,4,medium,DCF,20,0.21269958120503704,0.11837495628477952,0.16882724394734805,0.09699002576760513,0.4784909846990506,0.16081946918411577,0.2645796932259583,20,0.42921566840732633,0.18319544804991325,0.3851557870444222,0.2296636007750243,0.8179038990379495,0.34892672330573143,0.5095046135089212,20,1.0,0.0,1.0,1.0,1.0,1.0,1.0,20,389213.62084479217,14850.89377959909,391399.2514943483,363233.4047348006,415739.4320629758,382704.92967330094,395722.3120162834,20,11200.0,0.0,11200.0,11200.0,11200.0,11200.0,11200.0,20,1021008.1,17044.103650606903,1018945.0,989850.0,1053330.0,1013538.1922218513,1028478.0077781486
poisson,4,medium,Fixed-PRMAC,20,0.02881415818045203,0.002400556688466099,0.028052499599712715,0.026407212864787498,0.03489700900873211,0.027762067824358642,0.02986624853654542,20,0.049129645391100776,0.009823478066012819,0.04559344986079736,0.037899137336815575,0.07603238493462804,0.044824316303808544,0.05343497447839301,20,0.9994999999999999,0.0015389675281277325,1.0,0.995,1.0,0.9988255177424205,1.0001744822575793,20,409110.64372402354,29349.73196076481,406564.61667026504,369449.75999362173,483109.2713470124,396247.5565500326,421973.7308980145,20,75075.0,1806.8160422484398,75400.0,72040.0,77800.0,74283.12795531229,75866.87204468771,20,932460.6,1740.6270013689714,932028.0,929640.0,935400.0,931697.7365814876,933223.4634185124
poisson,6,high,DCF,20,2.960838909122319,0.261720057548913,2.913325438923837,2.550151150472904,3.507261115987111,2.846135036530432,3.0755427817142063,20,4.641262408339655,0.151929401602242,4.623183178895057,4.368863344673322,4.90100755374952,4.574676412266013,4.707848404413297,20,1.0,0.0,1.0,1.0,1.0,1.0,1.0,20,263903.0665370585,2421.6594591746207,263529.5589837716,260722.0843253867,269302.97801360313,262841.7274839208,264964.4055901962,20,16800.0,0.0,16800.0,16800.0,16800.0,16800.0,16800.0,20,1715577.7,31146.566317636803,1717535.0,1642946.0,1764616.0,1701927.1154478195,1729228.2845521804
poisson,6,high,Fixed-PRMAC,20,0.38674713254593074,0.07235125709554537,0.3663534286983664,0.24879119345395678,0.5583609873381038,0.35503779603778285,0.41845646905407863,20,0.7251888331805056,0.13139694576906535,0.712896262761171,0.4878408059641673,1.0088080515976783,0.6676015826365109,0.7827760837245004,20,0.942,0.016733200530681478,0.9375,0.91,0.975,0.934666351521923,0.9493336484780769,20,659161.8623401211,29117.27445495876,660289.5467977193,615161.0137056549,712345.2848328586,646400.6541599631,671923.070520279,20,103160.0,1496.677021024629,102870.0,100760.0,106020.0,102504.0523743629,103815.9476256371,20,1342070.4,12990.076562312357,1341300.0,1319508.0,1368924.0,1336377.2479316534,1347763.5520683464
poisson,6,low,DCF,20,0.06655121317794402,0.018511134342116094,0.060260115414963816,0.05223271935379132,0.12377275417740967,0.05843835085094194,0.0746640755049461,20,0.16862667165552425,0.06558645320537888,0.14610343264273418,0.1134768930547648,0.35939683147451357,0.13988214117253836,0.19737120213851014,20,1.0,0.0,1.0,1.0,1.0,1.0,1.0,20,164040.3995850133,11716.133063558227,162975.34706986014,148380.39801307415,193621.86709747094,158905.57787215768,169175.22129786893,20,16800.0,0.0,16800.0,16800.0,16800.0,16800.0,16800.0,20,1400611.1,38522.449932884316,1390084.0,1349880.0,1500116.0,1383727.8919248867,1417494.3080751135
poisson,6,low,Fixed-PRMAC,20,0.033328304063079885,0.0007084047212532552,0.03318545987157338,0.03260716748853703,0.03590843806230029,0.03301783200506829,0.03363877612109148,20,0.04320986831388763,0.00213761673145229,0.04302106487527017,0.0403129999999995,0.04723049147092773,0.04227301647489946,0.0441467201528758,20,0.99925,0.0024468024246479666,1.0,0.99,1.0,0.9981776415563912,1.0003223584436087,20,164196.07768481207,11585.190016485534,162972.64992965595,149171.93475421882,193859.39646482276,159118.6442926258,169273.51107699834,20,106260.0,2045.853315727617,106010.0,102480.0,110400.0,105363.36525115179,107156.63474884821,20,1392016.8,3168.929050375819,1392150.0,1382604.0,1396800.0,1390627.9556085872,1393405.6443914128
poisson,6,medium,DCF,20,1.627935161290522,0.2672854428621622,1.6629113733326508,1.1126439330976878,2.1076868547852405,1.5107921510418796,1.7450781715391643,20,2.5020797453180545,0.33341518402404985,2.4753732042087613,1.8698026650317026,3.18141915361367,2.3559540981412126,2.6482053924948965,20,1.0,0.0,1.0,1.0,1.0,1.0,1.0,20,265001.5421419953,2432.0252454946203,264446.6227611379,260573.2334931182,269491.0592919753,263935.6600826986,266067.4242012919,20,16800.0,0.0,16800.0,16800.0,16800.0,16800.0,16800.0,20,1697327.2,26578.651753061637,1700607.0,1650352.0,1737108.0,1685678.5922742526,1708975.8077257473
poisson,6,medium,Fixed-PRMAC,20,0.040879239794474706,0.0036262844120658316,0.039220903639105756,0.037373244820076174,0.048989103582257394,0.0392899505780538,0.04246852901089561,20,0.06969783652526537,0.01841370553108837,0.06257003343045242,0.05079443568607097,0.1197088195398174,0.06162767425737059,0.07776799879316015,20,0.9952500000000001,0.0069726910911520855,1.0,0.975,1.0,0.9921940833918791,0.9983059166081211,20,406196.81419915945,29103.880317739433,404487.9112548474,369143.9368550573,480287.3383588865,393441.47625846067,418952.1521398582,20,108502.0,1957.0536393692487,108690.0,104460.0,112440.0,107644.28342524437,109359.71657475563,20,1390935.6,5440.043947190907,1391886.0,1378452.0,1396500.0,1388551.3956189652,1393319.804381035
