protocol,hop_count,packet_count,interarrival_time,seed,measurement_end_time,created_packets,delivered_packets,dropped_packets,delivery_ratio,average_end_to_end_delay,p95_end_to_end_delay,p99_end_to_end_delay,maximum_end_to_end_delay,throughput_bps,successful_hops,collision_or_conflict_events,retransmissions,contention_attempts,difs_starts,segment_queue_entries,queue_overflow_drops,maximum_segment_queue_length,average_segment_queue_delay,maximum_segment_queue_delay,control_frames_sent,control_bytes_sent,data_frames_sent,data_bytes_sent,ack_frames_sent,ack_bytes_sent,total_frames_sent,total_bytes_sent,frames_per_created_packet,bytes_per_created_packet,control_bytes_per_delivered_packet,total_segments,completed_segments,active_reservations_after_run,terminal_sessions,load_level
DCF,2,8,0.05,7,0.3588520000000001,8,8,0,1.0,0.009092000000000123,0.00931100000000041,0.009327800000000531,0.009332000000000562,182626.8210850155,16,0,0,16,16,16,0,0,0.0,0.0,16,224,16,16928,16,224,32,17152,4.0,2144.0,28.0,0,0,0,8,low
Fixed-PRMAC,2,8,0.05,7,0.35996599999999995,8,8,0,1.0,0.009940999999999988,0.01005900000000003,0.010064600000000043,0.010066000000000047,182061.6391548091,16,0,0,8,8,8,0,1,0.0,0.0,48,1280,16,16928,16,224,80,18432,10.0,2304.0,160.0,8,8,0,8,low
DCF,2,8,0.05,17,0.35909200000000036,8,8,0,1.0,0.009149500000000102,0.009270999999999925,0.00928779999999997,0.00929199999999998,182504.7620108494,16,0,0,16,16,16,0,0,0.0,0.0,16,224,16,16928,16,224,32,17152,4.0,2144.0,28.0,0,0,0,8,low
Fixed-PRMAC,2,8,0.05,17,0.36002599999999996,8,8,0,1.0,0.00990349999999999,0.010038999999999973,0.010044599999999994,0.010046,182031.29773960772,16,0,0,8,8,8,0,1,0.0,0.0,48,1280,16,16928,16,224,80,18432,10.0,2304.0,160.0,8,8,0,8,low
DCF,2,8,0.05,27,0.35909200000000036,8,8,0,1.0,0.00908450000000013,0.009330000000000168,0.009363600000000033,0.009371999999999998,182504.7620108494,16,0,0,16,16,16,0,0,0.0,0.0,16,224,16,16928,16,224,32,17152,4.0,2144.0,28.0,0,0,0,8,low
Fixed-PRMAC,2,8,0.05,27,0.360006,8,8,0,1.0,0.009985999999999997,0.010058999999999967,0.010064599999999965,0.010065999999999964,182041.41042093743,16,0,0,8,8,8,0,1,0.0,0.0,48,1280,16,16928,16,224,80,18432,10.0,2304.0,160.0,8,8,0,8,low
DCF,2,8,0.02,7,0.14885199999999998,8,8,0,1.0,0.009092000000000024,0.009311000000000088,0.009327800000000134,0.009332000000000146,440276.24754789995,16,0,0,16,16,16,0,0,0.0,0.0,16,224,16,16928,16,224,32,17152,4.0,2144.0,28.0,0,0,0,8,medium
Fixed-PRMAC,2,8,0.02,7,0.14996600000000007,8,8,0,1.0,0.009941,0.010058999999999985,0.010064599999999979,0.010065999999999978,437005.7212968271,16,0,0,8,8,8,0,1,0.0,0.0,48,1280,16,16928,16,224,80,18432,10.0,2304.0,160.0,8,8,0,8,medium
DCF,2,8,0.02,17,0.1490919999999999,8,8,0,1.0,0.009149500000000017,0.009271000000000008,0.009287799999999987,0.00929199999999998,439567.515359644,16,0,0,16,16,16,0,0,0.0,0.0,16,224,16,16928,16,224,32,17152,4.0,2144.0,28.0,0,0,0,8,medium
Fixed-PRMAC,2,8,0.02,17,0.15002600000000008,8,8,0,1.0,0.009903499999999999,0.010039000000000022,0.010044600000000004,0.010046,436830.9493021207,16,0,0,8,8,8,0,1,0.0,0.0,48,1280,16,16928,16,224,80,18432,10.0,2304.0,160.0,8,8,0,8,medium
DCF,2,8,0.02,27,0.1490919999999999,8,8,0,1.0,0.009084500000000007,0.009330000000000041,0.009363600000000007,0.009371999999999998,439567.515359644,16,0,0,16,16,16,0,0,0.0,0.0,16,224,16,16928,16,224,32,17152,4.0,2144.0,28.0,0,0,0,8,medium
Fixed-PRMAC,2,8,0.02,27,0.15000600000000008,8,8,0,1.0,0.009986000000000004,0.01005899999999999,0.01006459999999998,0.010065999999999978,436889.19109902246,16,0,0,8,8,8,0,1,0.0,0.0,48,1280,16,16928,16,224,80,18432,10.0,2304.0,160.0,8,8,0,8,medium
DCF,2,8,0.008,7,0.07742200000000016,8,8,0,1.0,0.017011750000000027,0.027059100000000075,0.028059820000000076,0.028310000000000078,846477.745343699,16,1,2,18,22,16,0,0,0.0017472500000000088,0.009372000000000123,16,224,18,19044,16,224,34,19268,4.25,2408.5,28.0,0,0,0,8,high
Fixed-PRMAC,2,8,0.008,7,0.08185200000000002,8,8,0,1.0,0.01803150000000002,0.025047700000000034,0.025691140000000022,0.02585200000000002,800664.6141816935,16,0,0,8,8,8,0,3,0.00809050000000002,0.015886000000000046,48,1280,16,16928,16,224,80,18432,10.0,2304.0,160.0,8,8,0,8,high
DCF,2,8,0.008,17,0.0776220000000001,8,8,0,1.0,0.018801499999999992,0.02795479999999995,0.028254959999999957,0.02832999999999996,844296.7200020603,16,1,2,18,22,16,0,0,0.002423500000000001,0.013618000000000019,16,224,18,19044,16,224,34,19268,4.25,2408.5,28.0,0,0,0,8,high
Fixed-PRMAC,2,8,0.008,17,0.08155200000000003,8,8,0,1.0,0.017659000000000022,0.02472670000000004,0.025386940000000028,0.025552000000000026,803609.966647047,16,0,0,8,8,8,0,3,0.007755500000000021,0.015526000000000047,48,1280,16,16928,16,224,80,18432,10.0,2304.0,160.0,8,8,0,8,high
DCF,2,8,0.008,27,0.07692199999999998,8,8,0,1.0,0.01744249999999998,0.02680009999999997,0.027784019999999965,0.028029999999999965,851979.9277189883,16,1,2,18,23,16,0,0,0.0017704999999999952,0.009032000000000012,16,224,18,19044,16,224,34,19268,4.25,2408.5,28.0,0,0,0,8,high
Fixed-PRMAC,2,8,0.008,27,0.08221200000000001,8,8,0,1.0,0.01806150000000002,0.02539370000000002,0.02604834000000001,0.026212000000000006,797158.5656595144,16,0,0,8,8,8,0,3,0.008075500000000017,0.016206000000000033,48,1280,16,16928,16,224,80,18432,10.0,2304.0,160.0,8,8,0,8,high
DCF,4,8,0.05,7,0.3677840000000003,8,8,0,1.0,0.018164000000000187,0.018382000000000284,0.018415600000000077,0.018424000000000024,178191.54721249416,32,0,0,32,32,32,0,0,0.0,0.0,32,448,32,33856,32,448,64,34304,8.0,4288.0,56.0,0,0,0,8,low
Fixed-PRMAC,4,8,0.05,7,0.370284,8,8,0,1.0,0.020131499999999997,0.020335999999999986,0.020358399999999992,0.020363999999999993,176988.47371206965,32,0,0,16,16,16,0,1,0.0,0.0,96,2560,32,33856,32,448,160,36864,20.0,4608.0,320.0,16,16,0,8,low
DCF,4,8,0.05,17,0.36824400000000074,8,8,0,1.0,0.018271500000000166,0.01843499999999977,0.018474199999999667,0.01848399999999964,177968.95536655007,32,0,0,32,32,32,0,0,0.0,0.0,32,448,32,33856,32,448,64,34304,8.0,4288.0,56.0,0,0,0,8,low
Fixed-PRMAC,4,8,0.05,17,0.37016399999999994,8,8,0,1.0,0.020176499999999986,0.020335999999999996,0.02035839999999995,0.020363999999999938,177045.84994759082,32,0,0,16,16,16,0,1,0.0,0.0,96,2560,32,33856,32,448,160,36864,20.0,4608.0,320.0,16,16,0,8,low
DCF,4,8,0.05,27,0.3679840000000005,8,8,0,1.0,0.018151500000000258,0.018428000000000888,0.018472800000000934,0.018484000000000944,178094.69976955498,32,0,0,32,32,32,0,0,0.0,0.0,32,448,32,33856,32,448,64,34304,8.0,4288.0,56.0,0,0,0,8,low
Fixed-PRMAC,4,8,0.05,27,0.3702639999999999,8,8,0,1.0,0.020228999999999994,0.020363000000000082,0.020379800000000114,0.020384000000000124,176998.03383531753,32,0,0,16,16,16,0,1,0.0,0.0,96,2560,32,33856,32,448,160,36864,20.0,4608.0,320.0,16,16,0,8,low
DCF,4,8,0.02,7,0.15778399999999992,8,8,0,1.0,0.018164000000000034,0.018382000000000006,0.01841559999999998,0.01842399999999997,415352.63398063194,32,0,0,32,32,32,0,0,0.0,0.0,32,448,32,33856,32,448,64,34304,8.0,4288.0,56.0,0,0,0,8,medium
Fixed-PRMAC,4,8,0.02,7,0.16028400000000012,8,8,0,1.0,0.020131500000000007,0.020336000000000035,0.020358400000000002,0.020363999999999993,408874.248209428,32,0,0,16,16,16,0,1,0.0,0.0,96,2560,32,33856,32,448,160,36864,20.0,4608.0,320.0,16,16,0,8,medium
DCF,4,8,0.02,17,0.15824399999999975,8,8,0,1.0,0.018271500000000027,0.018435000000000146,0.018474200000000218,0.018484000000000236,414145.24405348767,32,0,0,32,32,32,0,0,0.0,0.0,32,448,32,33856,32,448,64,34304,8.0,4288.0,56.0,0,0,0,8,medium
Fixed-PRMAC,4,8,0.02,17,0.16016400000000014,8,8,0,1.0,0.020176500000000007,0.020335999999999944,0.02035839999999994,0.020363999999999938,409180.5898953569,32,0,0,16,16,16,0,1,0.0,0.0,96,2560,32,33856,32,448,160,36864,20.0,4608.0,320.0,16,16,0,8,medium
DCF,4,8,0.02,27,0.15798399999999985,8,8,0,1.0,0.0181515,0.01842800000000003,0.018472799999999963,0.018483999999999945,414826.8179056111,32,0,0,32,32,32,0,0,0.0,0.0,32,448,32,33856,32,448,64,34304,8.0,4288.0,56.0,0,0,0,8,medium
Fixed-PRMAC,4,8,0.02,27,0.16026400000000013,8,8,0,1.0,0.020229000000000004,0.02036299999999997,0.020379799999999948,0.020383999999999944,408925.2732990562,32,0,0,16,16,16,0,1,0.0,0.0,96,2560,32,33856,32,448,160,36864,20.0,4608.0,320.0,16,16,0,8,medium
DCF,4,8,0.008,7,0.15244100000000002,8,8,0,1.0,0.08133225000000009,0.09607980000000006,0.09636876000000004,0.09644100000000003,429910.58835877484,32,2,4,36,73,32,0,0,0.009671281250000012,0.0491060000000001,32,448,36,38088,32,448,68,38536,8.5,4817.0,56.0,0,0,0,8,high
Fixed-PRMAC,4,8,0.008,7,0.09196999999999998,8,8,0,1.0,0.02812450000000002,0.035123699999999994,0.035800739999999984,0.03596999999999998,712580.189192128,32,0,0,16,16,16,0,3,0.00399650000000001,0.015606000000000043,96,2560,32,33856,32,448,160,36864,20.0,4608.0,320.0,16,16,0,8,high
DCF,4,8,0.008,17,0.16845600000000016,8,8,0,1.0,0.0820627500000003,0.11467510000000021,0.11563102000000024,0.11587000000000024,389039.2743505719,32,5,10,42,80,32,0,0,0.008861750000000045,0.08103400000000044,32,448,42,44436,32,448,74,44884,9.25,5610.5,56.0,0,0,0,8,high
Fixed-PRMAC,4,8,0.008,17,0.09230999999999998,8,8,0,1.0,0.028194500000000015,0.03548469999999999,0.03614493999999997,0.036309999999999974,709955.5844437224,32,0,0,16,16,16,0,3,0.004009000000000007,0.015986000000000035,96,2560,32,33856,32,448,160,36864,20.0,4608.0,320.0,16,16,0,8,high
DCF,4,8,0.008,27,0.15250099999999983,8,8,0,1.0,0.08066825,0.10112210000000005,0.10207802000000007,0.10231700000000007,429741.44431839837,32,2,4,36,81,32,0,0,0.008535250000000001,0.033497000000000034,32,448,36,38088,32,448,68,38536,8.5,4817.0,56.0,0,0,0,8,high
Fixed-PRMAC,4,8,0.008,27,0.09250999999999997,8,8,0,1.0,0.028389500000000012,0.03570569999999998,0.03634913999999997,0.036509999999999966,708420.711274457,32,0,0,16,16,16,0,3,0.004080250000000009,0.01616600000000002,96,2560,32,33856,32,448,160,36864,20.0,4608.0,320.0,16,16,0,8,high
DCF,6,8,0.05,7,0.37661600000000034,8,8,0,1.0,0.02730850000000026,0.027726000000000108,0.027782000000000168,0.02779600000000018,174012.78756080449,48,0,0,48,48,48,0,0,0.0,0.0,48,672,48,50784,48,672,96,51456,12.0,6432.0,84.0,0,0,0,8,low
Fixed-PRMAC,6,8,0.05,7,0.380722,8,8,0,1.0,0.030422000000000015,0.03070099999999998,0.030717799999999972,0.03072199999999997,172136.09930605534,48,0,0,24,24,24,0,1,0.0,0.0,144,3840,48,50784,48,672,240,55296,30.0,6912.0,480.0,24,24,0,8,low
DCF,6,8,0.05,17,0.37751600000000124,8,8,0,1.0,0.0274235000000003,0.027780999999999684,0.027808999999999476,0.027815999999999425,173597.9402197517,48,0,0,48,48,48,0,0,0.0,0.0,48,672,48,50784,48,672,96,51456,12.0,6432.0,84.0,0,0,0,8,low
Fixed-PRMAC,6,8,0.05,17,0.38074199999999997,8,8,0,1.0,0.030437000000000002,0.030700000000000012,0.03073359999999995,0.030741999999999936,172127.05716732066,48,0,0,24,24,24,0,1,0.0,0.0,144,3840,48,50784,48,672,240,55296,30.0,6912.0,480.0,24,24,0,8,low
DCF,6,8,0.05,27,0.3770560000000008,8,8,0,1.0,0.0273185000000004,0.027662000000001352,0.027673200000001362,0.027676000000001366,173809.72587626206,48,0,0,48,48,48,0,0,0.0,0.0,48,672,48,50784,48,672,96,51456,12.0,6432.0,84.0,0,0,0,8,low
Fixed-PRMAC,6,8,0.05,27,0.380242,8,8,0,1.0,0.030444500000000003,0.03063499999999996,0.030640599999999987,0.030641999999999992,172353.395995182,48,0,0,24,24,24,0,1,0.0,0.0,144,3840,48,50784,48,672,240,55296,30.0,6912.0,480.0,24,24,0,8,low
DCF,6,8,0.02,7,0.23344299999999932,8,8,0,1.0,0.09700887499999963,0.1354842999999995,0.13733285999999953,0.13779499999999953,280736.6252147213,48,4,8,56,129,48,0,0,0.0035800208333333122,0.04017099999999968,48,672,56,59248,48,672,104,59920,13.0,7490.0,84.0,0,0,0,8,medium
Fixed-PRMAC,6,8,0.02,7,0.17459400000000036,8,8,0,1.0,0.03211950000000002,0.03424260000000025,0.03452372000000033,0.03459400000000035,375362.26903559035,48,10,10,34,34,24,0,1,0.0,0.0,184,5040,48,50784,48,672,280,56496,35.0,7062.0,630.0,24,24,0,8,medium
DCF,6,8,0.02,17,0.22033399999999928,8,8,0,1.0,0.07347124999999972,0.1110422999999995,0.11286285999999954,0.11331799999999954,297439.3420897375,48,1,2,50,108,48,0,0,0.0017782083333333174,0.017843999999999888,48,672,50,52900,48,672,98,53572,12.25,6696.5,84.0,0,0,0,8,medium
Fixed-PRMAC,6,8,0.02,17,0.17196600000000023,8,8,0,1.0,0.030998500000000012,0.03208300000000013,0.0321334000000001,0.03214600000000009,381098.5892560152,48,3,3,27,27,24,0,1,0.0,0.0,156,4200,48,50784,48,672,252,55656,31.5,6957.0,525.0,24,24,0,8,medium
DCF,6,8,0.02,27,0.2343289999999989,8,8,0,1.0,0.09050862499999951,0.11161829999999921,0.11345565999999924,0.11391499999999925,279675.1575775952,48,4,9,57,127,48,0,0,0.0026480208333333082,0.031139000000000083,48,672,57,60306,48,672,105,60978,13.125,7622.25,84.0,0,0,0,8,medium
Fixed-PRMAC,6,8,0.02,27,0.17335000000000028,8,8,0,1.0,0.0320565,0.0333220000000002,0.03334440000000025,0.03335000000000027,378055.9561580611,48,9,9,33,33,24,0,1,0.0,0.0,180,4920,48,50784,48,672,276,56376,34.5,7047.0,615.0,24,24,0,8,medium
DCF,6,8,0.008,7,0.22789699999999938,8,8,0,1.0,0.1569274999999996,0.18123609999999946,0.1822144199999995,0.18245899999999948,287568.5068254526,48,3,6,54,138,48,0,0,0.013114666666666636,0.05357200000000013,48,672,54,57132,48,672,102,57804,12.75,7225.5,84.0,0,0,0,8,high
Fixed-PRMAC,6,8,0.008,7,0.10282799999999992,8,8,0,1.0,0.038605,0.04598869999999993,0.04666013999999992,0.04682799999999992,637336.134126892,48,0,0,24,24,24,0,3,0.002727666666666671,0.01606600000000003,144,3840,48,50784,48,672,240,55296,30.0,6912.0,480.0,24,24,0,8,high
DCF,6,8,0.008,17,0.24393199999999926,8,8,0,1.0,0.12923024999999988,0.18589569999999933,0.18752473999999927,0.18793199999999927,268665.03779741976,48,6,12,60,136,48,0,0,0.008569958333333346,0.12064499999999989,48,672,60,63480,48,672,108,64152,13.5,8019.0,84.0,0,0,0,8,high
Fixed-PRMAC,6,8,0.008,17,0.10260799999999994,8,8,0,1.0,0.038475,0.04578269999999995,0.04644293999999993,0.046607999999999934,638702.635272104,48,0,0,24,24,24,0,3,0.002679333333333338,0.015946000000000037,144,3840,48,50784,48,672,240,55296,30.0,6912.0,480.0,24,24,0,8,high
DCF,6,8,0.008,27,0.23774599999999907,8,8,0,1.0,0.17659212499999938,0.1909940999999992,0.1919332199999992,0.19216799999999923,275655.53153365466,48,5,10,58,132,48,0,0,0.016725229166666595,0.10301199999999963,48,672,58,61364,48,672,106,62036,13.25,7754.5,84.0,0,0,0,8,high
Fixed-PRMAC,6,8,0.008,27,0.10252799999999992,8,8,0,1.0,0.038622500000000004,0.045709699999999936,0.04636433999999993,0.046527999999999924,639200.998751561,48,0,0,24,24,24,0,3,0.002726000000000005,0.016026000000000033,144,3840,48,50784,48,672,240,55296,30.0,6912.0,480.0,24,24,0,8,high
